<?xml version="1.0" encoding="UTF-8"?>
  
<!DOCTYPE struts PUBLIC
"-//Apache Software Foundation//DTD Struts Configuration 2.0//EN"
"http://struts.apache.org/dtds/struts-2.0.dtd">
<!-- <struts>
<package name="user" namespace="/User" extends="struts-default">
	<action name="home">
		<result>/Login.jsp</result>
	</action>
	<action name="login" class="com.nucleus.Login">
	<result name="SUCCESS">/Welcome.jsp</result>
	<result name="ERROR">/error.jsp</result>
	</action>

</package>
</struts> -->

<struts>
    <include file="struts-default.xml"/>
    <package name="default" extends="struts-default">
        <action name="">
            <result>/index.jsp</result>
        </action>
       <action name="login" class="com.nucleus.Login">
          <result name="SUCCESS">/Welcome.jsp</result>
          <result name="ERROR">/error.jsp</result>
       </action>
    </package>
</struts>